vehicle_id,date,time,full_record_name,,,,
0094,2025-01-26,10-11-51,full_record.2025-01-26-10-55-32.00000,标准存储,2025-01-26 22:30:15,1.21GB,
0094,2025-01-26,10-11-51,full_record.2025-01-26-10-56-32.00001,标准存储,2025-01-26 22:30:14,1.16GB,
0094,2025-01-26,10-11-51,full_record.2025-01-26-10-57-32.00002,标准存储,2025-01-26 22:30:12,1.02GB,
0094,2025-01-26,10-11-51,full_record.2025-01-26-10-58-32.00003,标准存储,2025-01-26 22:30:16,1001.99MB,
0094,2025-01-26,10-11-51,full_record.2025-01-26-10-59-32.00004,标准存储,2025-01-26 22:30:12,980.03MB,
0094,2025-01-26,10-11-51,full_record.2025-01-26-11-00-32.00005,标准存储,2025-01-26 22:30:12,1013.94MB,
0094,2025-01-26,10-11-51,full_record.2025-01-26-11-01-32.00006,标准存储,2025-01-26 22:30:15,992.63MB,
0094,2025-01-26,10-11-51,full_record.2025-01-26-11-02-32.00007,标准存储,2025-01-26 22:30:12,919.72MB,
0094,2025-01-26,10-11-51,full_record.2025-01-26-11-03-32.00008,标准存储,2025-01-26 22:30:15,984.4MB,
0094,2025-01-26,10-11-51,full_record.2025-01-26-11-04-32.00009,标准存储,2025-01-26 22:30:15,969.47MB,
0094,2025-01-26,10-11-51,full_record.2025-01-26-11-05-32.00010,标准存储,2025-01-26 22:30:12,967.72MB,
0094,2025-01-26,10-11-51,full_record.2025-01-26-11-06-32.00011,标准存储,2025-01-26 22:30:12,995.84MB,
0094,2025-01-26,10-11-51,full_record.2025-01-26-11-07-32.00012,标准存储,2025-01-26 22:30:12,970.48MB,
0094,2025-01-26,10-11-51,full_record.2025-01-26-11-08-32.00013,标准存储,2025-01-26 22:30:15,985.62MB,
0094,2025-01-26,10-11-51,full_record.2025-01-26-11-09-32.00014,标准存储,2025-01-26 22:30:13,971.69MB,
0094,2025-01-26,10-11-51,full_record.2025-01-26-11-10-32.00015,标准存储,2025-01-26 22:30:14,981.71MB,
0094,2025-01-26,10-11-51,full_record.2025-01-26-11-11-32.00016,标准存储,2025-01-26 22:30:11,954.74MB,
0094,2025-01-26,10-11-51,full_record.2025-01-26-11-12-32.00017,标准存储,2025-01-26 22:30:15,967.07MB,
0094,2025-01-26,10-11-51,full_record.2025-01-26-11-13-32.00018,标准存储,2025-01-26 22:30:13,922.28MB,
0094,2025-01-26,10-11-51,full_record.2025-01-26-11-14-32.00019,标准存储,2025-01-26 22:30:15,959.63MB,
0094,2025-01-26,10-11-51,full_record.2025-01-26-11-15-32.00020,标准存储,2025-01-26 22:30:12,926.38MB,
0094,2025-01-26,10-11-51,full_record.2025-01-26-11-16-32.00021,标准存储,2025-01-26 22:30:13,910.62MB,
0094,2025-01-26,10-11-51,full_record.2025-01-26-11-17-32.00022,标准存储,2025-01-26 22:30:14,951.94MB,
0094,2025-01-26,10-11-51,full_record.2025-01-26-11-18-32.00023,标准存储,2025-01-26 22:30:12,916.51MB,
0094,2025-01-26,10-11-51,full_record.2025-01-26-11-19-32.00024,标准存储,2025-01-26 22:30:14,945.47MB,
0094,2025-01-26,10-11-51,full_record.2025-01-26-11-20-32.00025,标准存储,2025-01-26 22:30:14,895.95MB,
0094,2025-01-26,10-11-51,full_record.2025-01-26-11-21-32.00026,标准存储,2025-01-26 22:30:16,887.73MB,
0094,2025-01-26,10-11-51,full_record.2025-01-26-11-22-32.00027,标准存储,2025-01-26 22:30:09,287.62MB,
0094,2025-01-26,14-07-54,full_record.2025-01-26-14-09-20.00000,标准存储,2025-01-26 22:25:19,1.05GB,
0094,2025-01-26,14-07-54,full_record.2025-01-26-14-10-20.00001,标准存储,2025-01-26 22:25:20,1.06GB,
0094,2025-01-26,14-07-54,full_record.2025-01-26-14-11-20.00002,标准存储,2025-01-26 22:25:23,1.15GB,
0094,2025-01-26,14-07-54,full_record.2025-01-26-14-12-20.00003,标准存储,2025-01-26 22:25:19,1.03GB,
0094,2025-01-26,14-07-54,full_record.2025-01-26-14-13-20.00004,标准存储,2025-01-26 22:25:16,929.22MB,
0094,2025-01-26,14-07-54,full_record.2025-01-26-14-14-20.00005,标准存储,2025-01-26 22:25:17,875.04MB,
0094,2025-01-26,14-07-54,full_record.2025-01-26-14-15-20.00006,标准存储,2025-01-26 22:25:16,914.69MB,
0094,2025-01-26,14-07-54,full_record.2025-01-26-14-16-20.00007,标准存储,2025-01-26 22:25:18,897.71MB,
0094,2025-01-26,14-07-54,full_record.2025-01-26-14-17-20.00008,标准存储,2025-01-26 22:25:16,926.74MB,
0094,2025-01-26,14-07-54,full_record.2025-01-26-14-18-20.00009,标准存储,2025-01-26 22:25:21,839.76MB,
0094,2025-01-26,14-07-54,full_record.2025-01-26-14-19-20.00010,标准存储,2025-01-26 22:25:14,894.58MB,
0094,2025-01-26,14-07-54,full_record.2025-01-26-14-20-20.00011,标准存储,2025-01-26 22:25:17,857.41MB,
0094,2025-01-26,14-07-54,full_record.2025-01-26-14-21-20.00012,标准存储,2025-01-26 22:25:17,896.72MB,
0094,2025-01-26,14-07-54,full_record.2025-01-26-14-22-20.00013,标准存储,2025-01-26 22:25:19,767.65MB,
0094,2025-01-26,14-07-54,full_record.2025-01-26-14-23-20.00014,标准存储,2025-01-26 22:25:18,799.85MB,
0094,2025-01-26,14-07-54,full_record.2025-01-26-14-24-20.00015,标准存储,2025-01-26 22:25:14,814.35MB,
0094,2025-01-26,14-07-54,full_record.2025-01-26-14-25-20.00016,标准存储,2025-01-26 22:25:18,792.5MB,
0094,2025-01-26,14-07-54,full_record.2025-01-26-14-26-20.00017,标准存储,2025-01-26 22:25:21,848.44MB,
0094,2025-01-26,14-07-54,full_record.2025-01-26-14-27-20.00018,标准存储,2025-01-26 22:25:17,965.24MB,
0094,2025-01-26,14-07-54,full_record.2025-01-26-14-28-20.00019,标准存储,2025-01-26 22:25:16,980.79MB,
0094,2025-01-26,14-07-54,full_record.2025-01-26-14-29-20.00020,标准存储,2025-01-26 22:25:21,940.41MB,
0094,2025-01-26,14-07-54,full_record.2025-01-26-14-30-20.00021,标准存储,2025-01-26 22:25:18,958.77MB,
0094,2025-01-26,14-07-54,full_record.2025-01-26-14-31-20.00022,标准存储,2025-01-26 22:25:21,979.17MB,
0094,2025-01-26,14-07-54,full_record.2025-01-26-14-32-20.00023,标准存储,2025-01-26 22:25:14,971.37MB,
0094,2025-01-26,14-07-54,full_record.2025-01-26-14-33-20.00024,标准存储,2025-01-26 22:25:19,1006.74MB,
0094,2025-01-26,14-07-54,full_record.2025-01-26-14-34-20.00025,标准存储,2025-01-26 22:25:22,1GB,
0094,2025-01-26,14-07-54,full_record.2025-01-26-14-35-20.00026,标准存储,2025-01-26 22:25:16,997.71MB,
0094,2025-01-26,14-07-54,full_record.2025-01-26-14-36-20.00027,标准存储,2025-01-26 22:25:14,972.22MB,
0094,2025-01-26,14-07-54,full_record.2025-01-26-14-37-20.00028,标准存储,2025-01-26 22:25:18,1011.26MB,
0094,2025-01-26,14-07-54,full_record.2025-01-26-14-38-20.00029,标准存储,2025-01-26 22:25:19,979.63MB,
0094,2025-01-26,14-07-54,full_record.2025-01-26-14-39-20.00030,标准存储,2025-01-26 22:25:14,974.66MB,
0094,2025-01-26,14-07-54,full_record.2025-01-26-14-40-20.00031,标准存储,2025-01-26 22:25:19,939.98MB,
0094,2025-01-26,14-07-54,full_record.2025-01-26-14-41-20.00032,标准存储,2025-01-26 22:25:20,996.4MB,
0094,2025-01-26,14-07-54,full_record.2025-01-26-14-42-20.00033,标准存储,2025-01-26 22:25:21,977.22MB,
0094,2025-01-26,14-07-54,full_record.2025-01-26-14-43-20.00034,标准存储,2025-01-26 22:25:21,978.67MB,
0094,2025-01-26,14-07-54,full_record.2025-01-26-14-44-20.00035,标准存储,2025-01-26 22:25:22,992.55MB,
0094,2025-01-26,14-07-54,full_record.2025-01-26-14-45-20.00036,标准存储,2025-01-26 22:25:20,996.67MB,
0094,2025-01-26,14-07-54,full_record.2025-01-26-14-46-20.00037,标准存储,2025-01-26 22:25:21,977.58MB,
0094,2025-01-26,14-07-54,full_record.2025-01-26-14-47-20.00038,标准存储,2025-01-26 22:25:18,959.25MB,
0094,2025-01-26,14-07-54,full_record.2025-01-26-14-48-20.00039,标准存储,2025-01-26 22:25:21,885.68MB,
0094,2025-01-26,14-07-54,full_record.2025-01-26-14-49-20.00040,标准存储,2025-01-26 22:25:20,811.37MB,
0094,2025-01-26,14-07-54,full_record.2025-01-26-14-50-20.00041,标准存储,2025-01-26 22:25:15,821.83MB,
0094,2025-01-26,14-07-54,full_record.2025-01-26-14-51-20.00042,标准存储,2025-01-26 22:25:20,812.02MB,
0094,2025-01-26,14-07-54,full_record.2025-01-26-14-52-20.00043,标准存储,2025-01-26 22:25:14,857.07MB,
0094,2025-01-26,14-07-54,full_record.2025-01-26-14-53-20.00044,标准存储,2025-01-26 22:25:19,830.55MB,
0094,2025-01-26,14-07-54,full_record.2025-01-26-14-54-20.00045,标准存储,2025-01-26 22:25:14,850.57MB,
0094,2025-01-26,14-07-54,full_record.2025-01-26-14-55-20.00046,标准存储,2025-01-26 22:25:18,922.59MB,
0094,2025-01-26,14-07-54,full_record.2025-01-26-14-56-20.00047,标准存储,2025-01-26 22:25:15,862.47MB,
0094,2025-01-26,14-07-54,full_record.2025-01-26-14-57-20.00048,标准存储,2025-01-26 22:25:18,832.08MB,
0094,2025-01-26,14-07-54,full_record.2025-01-26-14-58-20.00049,标准存储,2025-01-26 22:25:18,835.3MB,
0094,2025-01-26,14-07-54,full_record.2025-01-26-14-59-20.00050,标准存储,2025-01-26 22:25:22,886.86MB,
0094,2025-01-26,14-07-54,full_record.2025-01-26-15-00-20.00051,标准存储,2025-01-26 22:25:21,922.28MB,
0094,2025-01-26,14-07-54,full_record.2025-01-26-15-01-20.00052,标准存储,2025-01-26 22:25:15,886.47MB,
0094,2025-01-26,14-07-54,full_record.2025-01-26-15-02-20.00053,标准存储,2025-01-26 22:25:15,884.14MB,
0094,2025-01-26,14-07-54,full_record.2025-01-26-15-03-20.00054,标准存储,2025-01-26 22:25:19,898.27MB,
0094,2025-01-26,14-07-54,full_record.2025-01-26-15-04-20.00055,标准存储,2025-01-26 22:25:19,879.45MB,
0094,2025-01-26,14-07-54,full_record.2025-01-26-15-05-20.00056,标准存储,2025-01-26 22:25:22,889.28MB,
0094,2025-01-26,14-07-54,full_record.2025-01-26-15-06-20.00057,标准存储,2025-01-26 22:25:21,890.13MB,
0094,2025-01-26,14-07-54,full_record.2025-01-26-15-07-20.00058,标准存储,2025-01-26 22:25:19,931.82MB,
0094,2025-01-26,14-07-54,full_record.2025-01-26-15-08-20.00059,标准存储,2025-01-26 22:25:17,942.43MB,
0094,2025-01-26,14-07-54,full_record.2025-01-26-15-09-20.00060,标准存储,2025-01-26 22:25:16,856.47MB,
0094,2025-01-26,14-07-54,full_record.2025-01-26-15-10-20.00061,标准存储,2025-01-26 22:25:22,907.78MB,
0094,2025-01-26,14-07-54,full_record.2025-01-26-15-11-20.00062,标准存储,2025-01-26 22:25:16,889.12MB,
0094,2025-01-26,14-07-54,full_record.2025-01-26-15-12-20.00063,标准存储,2025-01-26 22:25:20,898.39MB,
0094,2025-01-26,14-07-54,full_record.2025-01-26-15-13-20.00064,标准存储,2025-01-26 22:25:22,941.23MB,
0094,2025-01-26,14-07-54,full_record.2025-01-26-15-14-20.00065,标准存储,2025-01-26 22:25:14,954.05MB,
0094,2025-01-26,14-07-54,full_record.2025-01-26-15-15-20.00066,标准存储,2025-01-26 22:25:16,924.19MB,
0094,2025-01-26,14-07-54,full_record.2025-01-26-15-16-20.00067,标准存储,2025-01-26 22:25:19,967.54MB,
0094,2025-01-26,14-07-54,full_record.2025-01-26-15-17-20.00068,标准存储,2025-01-26 22:25:22,936.11MB,
0094,2025-01-26,14-07-54,full_record.2025-01-26-15-18-20.00069,标准存储,2025-01-26 22:25:15,944.25MB,
0094,2025-01-26,14-07-54,full_record.2025-01-26-15-19-20.00070,标准存储,2025-01-26 22:25:19,949.49MB,
0094,2025-01-26,14-07-54,full_record.2025-01-26-15-20-20.00071,标准存储,2025-01-26 22:25:18,938.68MB,
0094,2025-01-26,14-07-54,full_record.2025-01-26-15-21-20.00072,标准存储,2025-01-26 22:25:19,977.82MB,
0094,2025-01-26,14-07-54,full_record.2025-01-26-15-22-20.00073,标准存储,2025-01-26 22:25:20,949.91MB,
0094,2025-01-26,14-07-54,full_record.2025-01-26-15-23-20.00074,标准存储,2025-01-26 22:25:15,955.35MB,
0094,2025-01-26,14-07-54,full_record.2025-01-26-15-24-20.00075,标准存储,2025-01-26 22:25:21,966.97MB,
0094,2025-01-26,14-07-54,full_record.2025-01-26-15-25-20.00076,标准存储,2025-01-26 22:25:19,978.39MB,
0094,2025-01-26,14-07-54,full_record.2025-01-26-15-26-20.00077,标准存储,2025-01-26 22:25:14,978.73MB,
0094,2025-01-26,14-07-54,full_record.2025-01-26-15-27-20.00078,标准存储,2025-01-26 22:25:19,980.18MB,
0094,2025-01-26,14-07-54,full_record.2025-01-26-15-28-20.00079,标准存储,2025-01-26 22:25:16,971.48MB,
0094,2025-01-26,14-07-54,full_record.2025-01-26-15-29-20.00080,标准存储,2025-01-26 22:25:18,955.85MB,
0094,2025-01-26,14-07-54,full_record.2025-01-26-15-30-20.00081,标准存储,2025-01-26 22:25:19,946.69MB,
0094,2025-01-26,14-07-54,full_record.2025-01-26-15-31-20.00082,标准存储,2025-01-26 22:25:16,954.76MB,
0094,2025-01-26,14-07-54,full_record.2025-01-26-15-32-20.00083,标准存储,2025-01-26 22:25:21,919.1MB,
0094,2025-01-26,14-07-54,full_record.2025-01-26-15-33-20.00084,标准存储,2025-01-26 22:25:16,976.32MB,
0094,2025-01-26,14-07-54,full_record.2025-01-26-15-34-20.00085,标准存储,2025-01-26 22:25:20,967.27MB,
0094,2025-01-26,14-07-54,full_record.2025-01-26-15-35-20.00086,标准存储,2025-01-26 22:25:16,977.15MB,
0094,2025-01-26,14-07-54,full_record.2025-01-26-15-36-20.00087,标准存储,2025-01-26 22:25:21,979.91MB,
0094,2025-01-26,14-07-54,full_record.2025-01-26-15-37-20.00088,标准存储,2025-01-26 22:25:15,905.35MB,
0094,2025-01-26,14-07-54,full_record.2025-01-26-15-38-20.00089,标准存储,2025-01-26 22:25:16,864.56MB,
0094,2025-01-26,14-07-54,full_record.2025-01-26-15-39-20.00090,标准存储,2025-01-26 22:25:22,886MB,
0094,2025-01-26,14-07-54,full_record.2025-01-26-15-40-20.00091,标准存储,2025-01-26 22:25:15,880.24MB,
0094,2025-01-26,14-07-54,full_record.2025-01-26-15-41-20.00092,标准存储,2025-01-26 22:25:15,871.77MB,
0094,2025-01-26,14-07-54,full_record.2025-01-26-15-42-20.00093,标准存储,2025-01-26 22:25:18,856.85MB,
0094,2025-01-26,14-07-54,full_record.2025-01-26-15-43-20.00094,标准存储,2025-01-26 22:25:14,876.64MB,
0094,2025-01-26,14-07-54,full_record.2025-01-26-15-44-20.00095,标准存储,2025-01-26 22:25:19,874.82MB,
0094,2025-01-26,14-07-54,full_record.2025-01-26-15-45-20.00096,标准存储,2025-01-26 22:25:17,926.39MB,
0094,2025-01-26,14-07-54,full_record.2025-01-26-15-46-20.00097,标准存储,2025-01-26 22:25:15,925.32MB,
0094,2025-01-26,14-07-54,full_record.2025-01-26-15-47-20.00098,标准存储,2025-01-26 22:25:19,882.89MB,
0094,2025-01-26,14-07-54,full_record.2025-01-26-15-48-20.00099,标准存储,2025-01-26 22:25:19,879MB,

0094,2025-01-26,14-07-54,full_record.2025-01-26-15-49-21.00100,标准存储,2025-01-26 22:25:19,930.16MB,
0094,2025-01-26,14-07-54,full_record.2025-01-26-15-50-21.00101,标准存储,2025-01-26 22:25:14,816.3MB,
0094,2025-01-26,14-07-54,full_record.2025-01-26-15-51-21.00102,标准存储,2025-01-26 22:25:19,850.04MB,
0094,2025-01-26,14-07-54,full_record.2025-01-26-15-52-21.00103,标准存储,2025-01-26 22:25:17,913.16MB,
0094,2025-01-26,14-07-54,full_record.2025-01-26-15-53-21.00104,标准存储,2025-01-26 22:25:19,893.53MB,
0094,2025-01-26,14-07-54,full_record.2025-01-26-15-54-21.00105,标准存储,2025-01-26 22:25:20,920.99MB,
0094,2025-01-26,14-07-54,full_record.2025-01-26-15-55-21.00106,标准存储,2025-01-26 22:25:18,939.59MB,
0094,2025-01-26,14-07-54,full_record.2025-01-26-15-56-21.00107,标准存储,2025-01-26 22:25:16,915.41MB,
0094,2025-01-26,14-07-54,full_record.2025-01-26-15-57-21.00108,标准存储,2025-01-26 22:25:19,927.51MB,
0094,2025-01-26,14-07-54,full_record.2025-01-26-15-58-21.00109,标准存储,2025-01-26 22:25:20,940.54MB,
0094,2025-01-26,14-07-54,full_record.2025-01-26-15-59-21.00110,标准存储,2025-01-26 22:25:16,935.37MB,
0094,2025-01-26,14-07-54,full_record.2025-01-26-16-00-21.00111,标准存储,2025-01-26 22:25:16,896.74MB,
0094,2025-01-26,14-07-54,full_record.2025-01-26-16-01-21.00112,标准存储,2025-01-26 22:25:18,899.65MB,
0094,2025-01-26,14-07-54,full_record.2025-01-26-16-02-21.00113,标准存储,2025-01-26 22:25:15,916.71MB,
0094,2025-01-26,14-07-54,full_record.2025-01-26-16-03-21.00114,标准存储,2025-01-26 22:25:19,920.1MB,
0094,2025-01-26,14-07-54,full_record.2025-01-26-16-04-21.00115,标准存储,2025-01-26 22:25:18,902.36MB,
0094,2025-01-26,14-07-54,full_record.2025-01-26-16-05-21.00116,标准存储,2025-01-26 22:25:20,896.85MB,
0094,2025-01-26,14-07-54,full_record.2025-01-26-16-06-21.00117,标准存储,2025-01-26 22:25:22,921.11MB,
0094,2025-01-26,14-07-54,full_record.2025-01-26-16-07-21.00118,标准存储,2025-01-26 22:25:20,910.02MB,
0094,2025-01-26,14-07-54,full_record.2025-01-26-16-08-21.00119,标准存储,2025-01-26 22:25:19,909.57MB,
0094,2025-01-26,14-07-54,full_record.2025-01-26-16-09-21.00120,标准存储,2025-01-26 22:25:16,902MB,
0094,2025-01-26,14-07-54,full_record.2025-01-26-16-10-21.00121,标准存储,2025-01-26 22:25:20,886.42MB,
0094,2025-01-26,14-07-54,full_record.2025-01-26-16-11-21.00122,标准存储,2025-01-26 22:25:19,891.16MB,
0094,2025-01-26,14-07-54,full_record.2025-01-26-16-12-21.00123,标准存储,2025-01-26 22:25:19,862.61MB,
0094,2025-01-26,14-07-54,full_record.2025-01-26-16-13-21.00124,标准存储,2025-01-26 22:25:07,81.96MB,
0094,2025-01-26,14-07-54,full_record.2025-01-26-17-12-10.00000,标准存储,2025-01-26 22:25:18,1.11GB,
0094,2025-01-26,14-07-54,full_record.2025-01-26-17-13-10.00001,标准存储,2025-01-26 22:25:16,1.12GB,
0094,2025-01-26,14-07-54,full_record.2025-01-26-17-14-10.00002,标准存储,2025-01-26 22:25:18,1.1GB,
0094,2025-01-26,14-07-54,full_record.2025-01-26-17-15-10.00003,标准存储,2025-01-26 22:25:16,1.05GB,
0094,2025-01-26,14-07-54,full_record.2025-01-26-17-16-11.00004,标准存储,2025-01-26 22:25:14,880.02MB,
0094,2025-01-26,14-07-54,full_record.2025-01-26-17-17-11.00005,标准存储,2025-01-26 22:25:22,940.82MB,
0094,2025-01-26,14-07-54,full_record.2025-01-26-17-18-11.00006,标准存储,2025-01-26 22:25:17,934.46MB,
0094,2025-01-26,14-07-54,full_record.2025-01-26-17-19-11.00007,标准存储,2025-01-26 22:25:19,956.93MB,
0094,2025-01-26,14-07-54,full_record.2025-01-26-17-20-11.00008,标准存储,2025-01-26 22:25:19,926.12MB,
0094,2025-01-26,14-07-54,full_record.2025-01-26-17-21-11.00009,标准存储,2025-01-26 22:25:15,919.3MB,
0094,2025-01-26,14-07-54,full_record.2025-01-26-17-22-11.00010,标准存储,2025-01-26 22:25:14,904.68MB,
0094,2025-01-26,14-07-54,full_record.2025-01-26-17-23-11.00011,标准存储,2025-01-26 22:25:19,942.8MB,
0094,2025-01-26,14-07-54,full_record.2025-01-26-17-24-11.00012,标准存储,2025-01-26 22:25:21,926.71MB,
0094,2025-01-26,14-07-54,full_record.2025-01-26-17-25-11.00013,标准存储,2025-01-26 22:25:20,910.04MB,
0094,2025-01-26,14-07-54,full_record.2025-01-26-17-26-11.00014,标准存储,2025-01-26 22:25:17,886.36MB,
0094,2025-01-26,14-07-54,full_record.2025-01-26-17-27-11.00015,标准存储,2025-01-26 22:25:21,933.88MB,
0094,2025-01-26,14-07-54,full_record.2025-01-26-17-28-11.00016,标准存储,2025-01-26 22:25:21,909.32MB,
0094,2025-01-26,14-07-54,full_record.2025-01-26-17-29-11.00017,标准存储,2025-01-26 22:25:15,888.89MB,
0094,2025-01-26,14-07-54,full_record.2025-01-26-17-30-11.00018,标准存储,2025-01-26 22:25:21,921.32MB,
0094,2025-01-26,14-07-54,full_record.2025-01-26-17-31-11.00019,标准存储,2025-01-26 22:25:20,958.35MB,
0094,2025-01-26,14-07-54,full_record.2025-01-26-17-32-11.00020,标准存储,2025-01-26 22:25:16,994.31MB,
0094,2025-01-26,14-07-54,full_record.2025-01-26-17-33-11.00021,标准存储,2025-01-26 22:25:21,913.11MB,
0094,2025-01-26,14-07-54,full_record.2025-01-26-17-34-11.00022,标准存储,2025-01-26 22:25:18,841.99MB,
0094,2025-01-26,14-07-54,full_record.2025-01-26-17-35-11.00023,标准存储,2025-01-26 22:25:15,916.06MB,
0094,2025-01-26,14-07-54,full_record.2025-01-26-17-36-11.00024,标准存储,2025-01-26 22:25:14,929.81MB,
0094,2025-01-26,14-07-54,full_record.2025-01-26-17-37-11.00025,标准存储,2025-01-26 22:25:19,885.41MB,
0094,2025-01-26,14-07-54,full_record.2025-01-26-17-38-11.00026,标准存储,2025-01-26 22:25:17,922.69MB,
0094,2025-01-26,14-07-54,full_record.2025-01-26-17-39-11.00027,标准存储,2025-01-26 22:25:15,863MB,
0094,2025-01-26,14-07-54,full_record.2025-01-26-17-40-11.00028,标准存储,2025-01-26 22:25:17,494.64MB,
0094,2025-01-26,19-52-26,full_record.2025-01-26-20-21-21.00000,标准存储,2025-01-26 22:06:04,802.6MB,
0094,2025-01-26,19-52-26,full_record.2025-01-26-20-22-21.00001,标准存储,2025-01-26 22:06:06,810.27MB,
0094,2025-01-26,19-52-26,full_record.2025-01-26-20-23-21.00002,标准存储,2025-01-26 22:06:03,815.08MB,
0094,2025-01-26,19-52-26,full_record.2025-01-26-20-24-21.00003,标准存储,2025-01-26 22:06:04,820.93MB,
0094,2025-01-26,19-52-26,full_record.2025-01-26-20-25-21.00004,标准存储,2025-01-26 22:06:04,813.37MB,
0094,2025-01-26,19-52-26,full_record.2025-01-26-20-26-21.00005,标准存储,2025-01-26 22:06:07,812.27MB,
0094,2025-01-26,19-52-26,full_record.2025-01-26-20-27-21.00006,标准存储,2025-01-26 22:06:05,810.48MB,
0094,2025-01-26,19-52-26,full_record.2025-01-26-20-28-21.00007,标准存储,2025-01-26 22:06:03,799.6MB,
0094,2025-01-26,19-52-26,full_record.2025-01-26-20-29-21.00008,标准存储,2025-01-26 22:06:08,810.71MB,
0094,2025-01-26,19-52-26,full_record.2025-01-26-20-30-21.00009,标准存储,2025-01-26 22:06:07,809.94MB,
0094,2025-01-26,19-52-26,full_record.2025-01-26-20-31-21.00010,标准存储,2025-01-26 22:06:03,959.37MB,
0094,2025-01-26,19-52-26,full_record.2025-01-26-20-32-21.00011,标准存储,2025-01-26 22:06:04,999.48MB,
0094,2025-01-26,19-52-26,full_record.2025-01-26-20-33-21.00012,标准存储,2025-01-26 22:06:04,992.5MB,
0094,2025-01-26,19-52-26,full_record.2025-01-26-20-34-21.00013,标准存储,2025-01-26 22:06:02,998.59MB,
0094,2025-01-26,19-52-26,full_record.2025-01-26-20-35-21.00014,标准存储,2025-01-26 22:06:04,1000.61MB,
0094,2025-01-26,19-52-26,full_record.2025-01-26-20-36-21.00015,标准存储,2025-01-26 22:06:05,1005.56MB,
0094,2025-01-26,19-52-26,full_record.2025-01-26-20-37-21.00016,标准存储,2025-01-26 22:06:08,990.43MB,
0094,2025-01-26,19-52-26,full_record.2025-01-26-20-38-21.00017,标准存储,2025-01-26 22:06:05,1006.51MB,
0094,2025-01-26,19-52-26,full_record.2025-01-26-20-39-21.00018,标准存储,2025-01-26 22:06:06,969.31MB,
0094,2025-01-26,19-52-26,full_record.2025-01-26-20-40-21.00019,标准存储,2025-01-26 22:06:07,932.42MB,
0094,2025-01-26,19-52-26,full_record.2025-01-26-20-41-21.00020,标准存储,2025-01-26 22:06:01,943.01MB,
0094,2025-01-26,19-52-26,full_record.2025-01-26-20-42-21.00021,标准存储,2025-01-26 22:06:04,920.65MB,
0094,2025-01-26,19-52-26,full_record.2025-01-26-20-43-21.00022,标准存储,2025-01-26 22:06:04,926.4MB,
0094,2025-01-26,19-52-26,full_record.2025-01-26-20-44-21.00023,标准存储,2025-01-26 22:06:07,927.3MB,
0094,2025-01-26,19-52-26,full_record.2025-01-26-20-45-21.00024,标准存储,2025-01-26 22:06:06,938.92MB,
0094,2025-01-26,19-52-26,full_record.2025-01-26-20-46-21.00025,标准存储,2025-01-26 22:06:04,902.13MB,
0094,2025-01-26,19-52-26,full_record.2025-01-26-20-47-21.00026,标准存储,2025-01-26 22:06:07,804.07MB,
0094,2025-01-26,19-52-26,full_record.2025-01-26-20-48-21.00027,标准存储,2025-01-26 22:06:08,914.15MB,
0094,2025-01-26,19-52-26,full_record.2025-01-26-20-49-21.00028,标准存储,2025-01-26 22:06:04,954.88MB,
0094,2025-01-26,19-52-26,full_record.2025-01-26-20-50-21.00029,标准存储,2025-01-26 22:06:04,919.74MB,
0094,2025-01-26,19-52-26,full_record.2025-01-26-20-51-21.00030,标准存储,2025-01-26 22:06:05,971.8MB,
0094,2025-01-26,19-52-26,full_record.2025-01-26-20-52-21.00031,标准存储,2025-01-26 22:06:09,933.47MB,
0094,2025-01-26,19-52-26,full_record.2025-01-26-20-53-21.00032,标准存储,2025-01-26 22:06:08,882.08MB,
0094,2025-01-26,19-52-26,full_record.2025-01-26-20-54-21.00033,标准存储,2025-01-26 22:06:06,905.45MB,
0094,2025-01-26,19-52-26,full_record.2025-01-26-20-55-21.00034,标准存储,2025-01-26 22:06:06,926.12MB,
0094,2025-01-26,19-52-26,full_record.2025-01-26-20-56-21.00035,标准存储,2025-01-26 22:06:09,925.04MB,
0094,2025-01-26,19-52-26,full_record.2025-01-26-20-57-21.00036,标准存储,2025-01-26 22:06:09,952.44MB,
0094,2025-01-26,19-52-26,full_record.2025-01-26-20-58-21.00037,标准存储,2025-01-26 22:06:07,952.34MB,
0094,2025-01-26,19-52-26,full_record.2025-01-26-20-59-21.00038,标准存储,2025-01-26 22:06:07,805.33MB,